date,portfolio_value,buyhold_value,sma_value,period
2021-01-04,100.0,100.0,100.0,walkforward
2021-01-05,100.822,100.7291,100.7181,walkforward
2021-01-06,100.2577,99.6753,99.6142,walkforward
2021-01-07,102.0163,101.7756,101.6265,walkforward
2021-01-08,102.8427,102.9091,102.7229,walkforward
2021-01-11,102.2486,102.2518,101.8976,walkforward
2021-01-12,102.4195,102.2265,101.8997,walkforward
2021-01-13,102.4741,102.537,102.129,walkforward
2021-01-14,103.377,103.1564,102.6609,walkforward
2021-01-15,102.6335,102.3936,101.8319,walkforward
2021-01-19,104.4057,104.1195,103.4219,walkforward
2021-01-20,105.5976,105.6856,104.6207,walkforward
2021-01-21,105.5543,105.8907,104.7587,walkforward
2021-01-22,105.0403,105.1924,104.1506,walkforward
2021-01-25,105.6272,105.6987,104.511,walkforward
2021-01-26,105.0893,105.1304,103.9204,walkforward
2021-01-27,101.7348,101.6446,100.9468,walkforward
2021-01-28,102.6975,102.8561,102.1014,walkforward
2021-01-29,101.1744,101.317,100.6261,walkforward
2021-02-01,103.3468,103.5992,102.9028,walkforward
2021-02-02,104.7752,105.0999,104.2176,walkforward
2021-02-03,103.4619,103.6033,102.9035,walkforward
2021-02-04,104.3234,104.8657,104.0181,walkforward
2021-02-05,104.4954,105.0888,104.1691,walkforward
2021-02-08,105.9385,106.5199,105.4667,walkforward
2021-02-09,106.1817,106.8073,105.6859,walkforward
2021-02-10,106.2351,106.9743,105.8557,walkforward
2021-02-11,107.5973,108.4524,107.4293,walkforward
2021-02-12,108.5883,109.6289,108.5388,walkforward
2021-02-16,108.4732,109.6085,108.7219,walkforward
2021-02-17,107.6871,108.6417,107.6882,walkforward
2021-02-18,106.8146,107.7342,106.8956,walkforward
2021-02-19,107.3718,108.0788,107.5087,walkforward
2021-02-22,105.2882,105.9302,105.4306,walkforward
2021-02-23,104.6779,105.3083,104.9201,walkforward
2021-02-24,105.8063,106.4488,105.9121,walkforward
2021-02-25,102.2071,102.8195,103.0291,walkforward
2021-02-26,102.8374,103.1854,103.5087,walkforward
2021-03-01,105.0317,105.6749,105.4794,walkforward
2021-03-02,103.6278,104.2019,104.2795,walkforward
2021-03-03,101.1198,101.2829,101.8613,walkforward
2021-03-04,98.8838,99.0305,99.8435,walkforward
2021-03-05,100.5856,100.859,100.9839,walkforward
2021-03-08,97.4777,97.6848,98.4258,walkforward
2021-03-09,100.9932,101.3289,101.0865,walkforward
2021-03-10,100.4973,100.8476,100.5083,walkforward
2021-03-11,102.6027,103.1858,102.2856,walkforward
2021-03-12,101.638,102.2073,101.5536,walkforward
2021-03-15,102.8789,103.6489,102.4032,walkforward
2021-03-16,103.5225,104.2809,102.841,walkforward
2021-03-17,104.1127,104.8247,103.2476,walkforward
2021-03-18,101.4022,101.892,101.467,walkforward
2021-03-19,102.1727,102.6448,101.726,walkforward
2021-03-22,103.8918,104.436,102.3708,walkforward
2021-03-23,103.0223,103.5436,101.8727,walkforward
2021-03-24,102.0008,102.174,101.4759,walkforward
2021-03-25,101.654,101.8017,101.5873,walkforward
2021-03-26,104.2872,104.5561,102.3644,walkforward
2021-03-29,103.7159,104.125,102.2569,walkforward
2021-03-30,103.1699,103.536,102.2814,walkforward
2021-03-31,104.6931,105.1163,102.585,walkforward
2021-04-01,106.8975,107.155,103.0965,walkforward
2021-04-05,108.5095,108.9877,103.8534,walkforward
2021-04-06,108.3642,108.6125,103.6059,walkforward
2021-04-07,108.2773,108.5909,103.6624,walkforward
2021-04-08,109.1159,109.4757,103.8721,walkforward
2021-04-09,109.2659,109.8086,103.9357,walkforward
2021-04-12,108.7416,109.188,103.5344,walkforward
2021-04-13,109.2388,109.8269,103.546,walkforward
2021-04-14,108.4156,108.8166,103.1703,walkforward
2021-04-15,109.8387,110.3904,103.9663,walkforward
2021-04-16,109.8886,110.4068,104.0229,walkforward
2021-04-19,108.6889,109.067,103.0773,walkforward
2021-04-20,108.1422,108.4929,102.6462,walkforward
2021-04-21,109.2131,109.65,103.623,walkforward
2021-04-22,108.0617,108.2825,102.3964,walkforward
2021-04-23,109.2759,109.5194,103.5228,walkforward
2021-04-26,109.9146,110.1564,104.1188,walkforward
2021-04-27,109.2371,109.4417,103.4533,walkforward
2021-04-28,108.7218,108.733,102.8369,walkforward
2021-04-29,109.1946,109.1895,103.4966,walkforward
2021-04-30,107.9359,107.9008,102.2093,walkforward
2021-05-03,107.9788,107.829,102.1123,walkforward
2021-05-04,106.4664,106.0797,100.413,walkforward
2021-05-05,106.5633,106.0306,100.3981,walkforward
2021-05-06,107.4309,106.7591,101.2375,walkforward
2021-05-07,108.1515,107.6053,102.0219,walkforward
2021-05-10,105.9755,105.1404,99.7138,walkforward
2021-05-11,106.0756,105.309,99.7787,walkforward
2021-05-12,103.6143,102.659,97.536,walkforward
2021-05-13,104.7542,103.8456,98.5672,walkforward
2021-05-14,106.5374,105.7913,100.1009,walkforward
2021-05-17,106.2289,105.3016,99.7402,walkforward
2021-05-18,105.7305,104.7203,99.2753,walkforward
2021-05-19,106.1675,105.2589,99.4046,walkforward
2021-05-20,108.0894,107.333,100.6644,walkforward
2021-05-21,107.5636,106.7477,100.3325,walkforward
2021-05-24,108.8309,108.1729,101.147,walkforward
2021-05-25,109.1754,108.4232,101.3029,walkforward
2021-05-26,109.1865,108.4237,101.3098,walkforward
2021-05-27,109.0507,108.2356,101.0845,walkforward
2021-05-28,109.3529,108.5929,101.2767,walkforward
2021-06-01,109.0649,108.1838,101.1778,walkforward
2021-06-02,109.4234,108.5277,101.3349,walkforward
2021-06-03,108.4642,107.6013,101.399,walkforward
2021-06-04,110.3431,109.4749,102.0409,walkforward
2021-06-07,111.1701,110.221,102.4107,walkforward
2021-06-08,110.9907,110.0374,102.3592,walkforward
2021-06-09,111.119,110.254,102.5347,walkforward
2021-06-10,112.3093,111.6664,103.0258,walkforward
2021-06-11,112.1531,111.4372,103.0032,walkforward
2021-06-14,112.8966,112.3921,103.4045,walkforward
2021-06-15,112.0952,111.5055,103.0461,walkforward
2021-06-16,111.233,110.6588,102.5106,walkforward
2021-06-17,111.7763,111.4633,103.0879,walkforward
2021-06-18,110.8248,110.4005,102.4506,walkforward
2021-06-21,111.4991,111.1458,102.9581,walkforward
2021-06-22,111.9161,111.681,103.3701,walkforward
2021-06-23,111.7782,111.563,103.4329,walkforward
2021-06-24,112.415,112.2768,103.9656,walkforward
2021-06-25,112.5314,112.4459,103.8524,walkforward
2021-06-28,113.5909,113.7277,104.9267,walkforward
2021-06-29,114.0023,114.1148,105.3118,walkforward
2021-06-30,113.6984,113.7431,105.133,walkforward
2021-07-01,113.5079,113.5942,104.9418,walkforward
2021-07-02,114.179,114.3939,105.7284,walkforward
2021-07-06,114.0408,114.3261,105.8898,walkforward
2021-07-07,114.196,114.4435,105.986,walkforward
2021-07-08,113.552,113.7183,105.3697,walkforward
2021-07-09,114.4182,114.6676,106.2256,walkforward
2021-07-12,114.622,114.9471,106.4882,walkforward
2021-07-13,114.5443,114.9446,106.477,walkforward
2021-07-14,114.7329,114.9748,106.5612,walkforward
2021-07-15,113.8201,113.9516,105.6811,walkforward
2021-07-16,112.703,112.9219,104.7759,walkforward
2021-07-19,112.2946,112.323,104.373,walkforward
2021-07-20,113.3903,113.5797,105.2995,walkforward
2021-07-21,114.3503,114.6404,106.043,walkforward
2021-07-22,114.8096,115.1786,106.6848,walkforward
2021-07-23,115.8914,116.3951,107.825,walkforward
2021-07-26,115.6257,116.1337,107.5688,walkforward
2021-07-27,114.7119,115.1504,106.9127,walkforward
2021-07-28,115.5594,115.9056,107.3077,walkforward
2021-07-29,116.0442,116.23,107.5717,walkforward
2021-07-30,116.0062,116.2236,107.1938,walkforward
2021-08-02,116.2288,116.2505,107.0382,walkforward
2021-08-03,116.8465,116.9702,107.5918,walkforward
2021-08-04,116.8925,117.0257,107.6859,walkforward
2021-08-05,117.4326,117.7996,108.383,walkforward
2021-08-06,116.925,117.4159,108.0362,walkforward
2021-08-09,116.8023,117.3084,107.9582,walkforward
2021-08-10,116.2617,116.4863,107.2591,walkforward
2021-08-11,116.3461,116.5078,107.2169,walkforward
2021-08-12,116.2552,116.5123,107.4256,walkforward
2021-08-13,116.8451,117.0673,107.9742,walkforward
2021-08-16,116.9893,117.3568,108.2986,walkforward
2021-08-17,116.0515,116.5019,107.6119,walkforward
2021-08-18,114.9399,115.3108,106.672,walkforward
2021-08-19,115.4842,116.2472,107.5776,walkforward
2021-08-20,116.2567,117.0592,108.3664,walkforward
2021-08-23,117.5481,118.4233,109.1061,walkforward
2021-08-24,118.0413,118.8477,109.2446,walkforward
2021-08-25,118.1112,119.0403,109.4734,walkforward
2021-08-26,117.5089,118.4402,108.9628,walkforward
2021-08-27,118.8462,119.9192,109.8224,walkforward
2021-08-30,119.3652,120.695,110.5477,walkforward
2021-08-31,119.0486,120.3145,110.0625,walkforward
2021-09-01,119.2117,120.337,110.1601,walkforward
2021-09-02,119.1374,120.3765,110.1858,walkforward
2021-09-03,119.428,120.7398,110.4028,walkforward
2021-09-07,118.9357,120.1668,110.076,walkforward
2021-09-08,118.5783,119.8797,110.0127,walkforward
2021-09-09,118.3592,119.3172,109.5577,walkforward
2021-09-10,118.1963,119.1463,109.3089,walkforward
2021-09-13,118.3234,119.0522,108.9574,walkforward
2021-09-14,118.1335,118.9492,109.0114,walkforward
2021-09-15,118.604,119.566,109.4675,walkforward
2021-09-16,118.5205,119.5738,109.3682,walkforward
2021-09-17,117.4445,118.332,108.4608,walkforward
2021-09-20,115.5042,116.15,107.0381,walkforward
2021-09-21,115.576,116.1897,107.1512,walkforward
2021-09-22,116.4487,117.0928,107.8139,walkforward
2021-09-23,117.2809,118.205,108.5078,walkforward
2021-09-24,117.2106,118.183,108.5533,walkforward
2021-09-27,116.5106,117.0706,107.6949,walkforward
2021-09-28,113.5315,113.7993,105.3457,walkforward
2021-09-29,113.0899,113.3726,105.0063,walkforward
2021-09-30,112.6492,112.9023,104.7332,walkforward
2021-10-01,112.9884,113.2936,104.9012,walkforward
2021-10-04,110.7597,110.8184,103.4435,walkforward
2021-10-05,111.8061,112.0805,104.2505,walkforward
2021-10-06,111.984,112.3735,104.4454,walkforward
2021-10-07,112.903,113.2859,104.8121,walkforward
2021-10-08,112.5339,112.6841,104.4922,walkforward
2021-10-11,112.0022,112.0234,104.2621,walkforward
2021-10-12,111.574,111.53,104.0609,walkforward
2021-10-13,112.3871,112.2837,104.0854,walkforward
2021-10-14,114.1703,114.322,104.386,walkforward
2021-10-15,114.2942,114.5023,104.4207,walkforward
2021-10-18,114.8435,115.0105,104.4545,walkforward
2021-10-19,115.8352,116.1577,104.6793,walkforward
2021-10-20,115.8735,116.1627,104.6853,walkforward
2021-10-21,116.3818,116.8857,104.8275,walkforward
2021-10-22,116.3179,116.4733,104.6301,walkforward
2021-10-25,116.7526,117.039,104.6699,walkforward
2021-10-26,116.7375,117.216,104.5962,walkforward
2021-10-27,116.0155,116.4415,104.4052,walkforward
2021-10-28,117.2914,117.9393,104.5205,walkforward
2021-10-29,117.3764,118.5452,104.7586,walkforward
2021-11-01,117.9912,118.8088,104.7409,walkforward
2021-11-02,118.3905,119.3967,104.9312,walkforward
2021-11-03,119.2203,120.4179,105.0636,walkforward
2021-11-04,120.7183,122.4515,105.8971,walkforward
2021-11-05,121.3232,122.82,105.8269,walkforward
2021-11-08,121.12,122.8429,106.0142,walkforward
2021-11-09,121.3149,122.8466,106.2528,walkforward
2021-11-10,119.7187,120.9887,104.9563,walkforward
2021-11-11,120.4801,121.7181,105.6083,walkforward
2021-11-12,121.6705,123.0039,106.429,walkforward
2021-11-15,121.5775,122.966,106.3768,walkforward
2021-11-16,122.2934,123.86,107.3961,walkforward
2021-11-17,121.7586,123.2727,107.0793,walkforward
2021-11-18,121.6565,123.644,107.5794,walkforward
2021-11-19,121.8501,123.9779,107.9244,walkforward
2021-11-22,120.2715,122.1945,106.6505,walkforward
2021-11-23,120.1988,122.0738,106.6596,walkforward
2021-11-24,120.0713,122.2979,106.871,walkforward
2021-11-26,118.2419,119.973,105.1839,walkforward
2021-11-29,120.256,122.7671,107.4282,walkforward
2021-11-30,118.4698,120.3304,105.691,walkforward
2021-12-01,117.886,119.4053,105.0408,walkforward
2021-12-02,118.4578,120.2611,105.6655,walkforward
2021-12-03,117.7161,119.0735,104.8927,walkforward
2021-12-06,118.7214,119.9762,105.3272,walkforward
2021-12-07,121.7278,123.6806,108.1334,walkforward
2021-12-08,121.7924,123.7933,108.1242,walkforward
2021-12-09,120.7592,122.3704,107.2386,walkforward
2021-12-10,121.9833,123.7151,108.5391,walkforward
2021-12-13,121.2169,122.5355,107.6077,walkforward
2021-12-14,120.1819,121.2107,106.5878,walkforward
2021-12-15,122.4406,124.0055,108.5859,walkforward
2021-12-16,120.6068,121.515,106.3843,walkforward
2021-12-17,120.2897,120.9706,105.7598,walkforward
2021-12-20,119.3042,119.9435,105.2694,walkforward
2021-12-21,121.3599,122.4253,106.6875,walkforward
2021-12-22,122.3329,123.6645,107.4863,walkforward
2021-12-23,122.975,124.3903,107.92,walkforward
2021-12-27,124.7442,126.4659,109.4256,walkforward
2021-12-28,124.2604,125.8821,109.086,walkforward
2021-12-29,124.7217,126.3102,109.3271,walkforward
2021-12-30,124.3681,125.6924,108.7543,walkforward
2021-12-31,123.9656,125.1228,108.5783,walkforward
2022-01-03,124.129,125.3996,108.8194,walkforward
2022-01-04,123.3596,124.1752,108.1515,walkforward
2022-01-05,120.7339,120.994,105.9936,walkforward
2022-01-06,120.9025,121.2175,106.0219,walkforward
2022-01-07,119.2905,119.3091,104.8032,walkforward
2022-01-10,119.1039,119.4686,104.6417,walkforward
2022-01-11,121.0197,121.2794,105.3284,walkforward
2022-01-12,121.2397,121.5738,105.5285,walkforward
2022-01-13,119.4347,119.2074,104.6077,walkforward
2022-01-14,120.2647,120.2165,105.2179,walkforward
2022-01-18,117.0024,116.6328,103.1988,walkforward
2022-01-19,115.997,115.4574,102.3461,walkforward
2022-01-20,114.7077,113.8749,101.4335,walkforward
2022-01-21,112.8966,111.525,100.779,walkforward
2022-01-24,113.3859,112.4802,101.1784,walkforward
2022-01-25,110.7736,109.2926,100.1714,walkforward
2022-01-26,110.4784,109.1996,100.1396,walkforward
2022-01-27,109.5003,107.9676,99.7481,walkforward
2022-01-28,111.7377,110.7088,100.5508,walkforward
2022-01-31,114.8104,114.0864,101.0037,walkforward
2022-02-01,115.4159,114.7386,101.0184,walkforward
2022-02-02,116.712,115.7693,101.2472,walkforward
2022-02-03,113.1561,111.8339,101.0808,walkforward
2022-02-04,113.4262,112.1689,101.1271,walkforward
2022-02-07,113.0366,111.5898,101.0984,walkforward
2022-02-08,114.2514,112.6935,101.2968,walkforward
2022-02-09,116.5439,115.3292,101.4515,walkforward
2022-02-10,113.9492,112.4239,101.2603,walkforward
2022-02-11,111.3135,109.2892,101.1867,walkforward
2022-02-14,110.9837,108.9088,101.168,walkforward
2022-02-15,113.4364,111.5397,101.3191,walkforward
2022-02-16,113.4881,111.4794,101.3619,walkforward
2022-02-17,111.1459,108.5696,101.2835,walkforward
2022-02-18,110.4051,107.446,101.1161,walkforward
2022-02-22,109.5913,106.8441,101.0494,walkforward
2022-02-23,107.9659,105.0499,100.9823,walkforward
2022-02-24,109.9694,108.0175,101.1008,walkforward
2022-02-25,111.5386,109.6562,101.2262,walkforward
2022-02-28,111.3153,109.4527,101.272,walkforward
2022-03-01,110.3032,108.0828,101.3652,walkforward
2022-03-02,111.5821,109.9744,101.471,walkforward
2022-03-03,110.6896,108.9088,101.3262,walkforward
2022-03-04,109.7492,107.9276,101.3499,walkforward
2022-03-07,106.4738,104.3119,101.1388,walkforward
2022-03-08,106.4002,103.9409,101.1478,walkforward
2022-03-09,109.1452,107.0024,101.2231,walkforward
2022-03-10,107.712,105.7048,101.1443,walkforward
2022-03-11,105.8441,103.7244,100.826,walkforward
2022-03-14,103.9469,101.8975,100.8692,walkforward
2022-03-15,106.1717,104.471,101.0344,walkforward
2022-03-16,110.1965,108.0747,101.15,walkforward
2022-03-17,111.2225,109.3662,101.3188,walkforward
2022-03-18,113.0576,111.3689,101.3741,walkforward
2022-03-21,112.3485,110.6776,101.3246,walkforward
2022-03-22,113.4585,112.0258,101.5463,walkforward
2022-03-23,111.844,109.7558,101.1432,walkforward
2022-03-24,113.9548,112.2534,101.5366,walkforward
2022-03-25,113.7044,112.0822,101.4915,walkforward
2022-03-28,114.4367,113.2544,101.7436,walkforward
2022-03-29,116.1582,115.1972,102.2496,walkforward
2022-03-30,114.5848,113.5547,101.8558,walkforward
2022-03-31,113.2737,112.4532,101.7252,walkforward
2022-04-01,113.2591,112.3967,101.7735,walkforward
2022-04-04,114.8541,113.8976,102.1395,walkforward
2022-04-05,112.0187,111.2229,101.2159,walkforward
2022-04-06,110.5692,109.7783,100.4233,walkforward
2022-04-07,110.9798,110.547,100.979,walkforward
2022-04-08,109.812,109.3003,100.2726,walkforward
2022-04-11,107.9007,107.0955,98.7975,walkforward
2022-04-12,107.3962,106.4645,98.4575,walkforward
2022-04-13,108.841,108.0069,99.2562,walkforward
2022-04-14,106.9403,105.9939,97.9881,walkforward
2022-04-18,107.1933,106.2293,97.9637,walkforward
2022-04-19,108.7305,108.2257,99.2209,walkforward
2022-04-20,108.1416,107.7029,99.02,walkforward
2022-04-21,106.239,105.5535,97.5826,walkforward
2022-04-22,104.1327,102.6859,95.6079,walkforward
2022-04-25,104.9702,103.7184,96.0154,walkforward
2022-04-26,102.2464,100.6545,94.341,walkforward
2022-04-27,101.9006,100.1569,94.0777,walkforward
2022-04-28,104.9877,103.3984,95.2504,walkforward
2022-04-29,101.5666,99.7211,94.0326,walkforward
2022-05-02,102.6748,100.9452,94.0798,walkforward
2022-05-03,103.1452,101.258,94.2109,walkforward
2022-05-04,105.8348,104.1296,94.6666,walkforward
2022-05-05,101.3086,99.4756,94.1474,walkforward
2022-05-06,100.4114,97.9437,93.9717,walkforward
2022-05-09,97.2938,94.4908,93.64,walkforward
2022-05-10,98.4026,95.8011,93.7759,walkforward
2022-05-11,96.4839,93.7842,93.6152,walkforward
2022-05-12,96.9031,94.3211,93.7199,walkforward
2022-05-13,99.6194,97.5117,93.8684,walkforward
2022-05-16,99.0891,96.8166,93.9388,walkforward
2022-05-17,101.3945,99.2205,94.0065,walkforward
2022-05-18,97.3533,95.243,93.746,walkforward
2022-05-19,97.4247,95.3084,93.7183,walkforward
2022-05-20,97.7311,95.7366,93.7557,walkforward
2022-05-23,98.5264,96.6914,93.7764,walkforward
2022-05-24,97.4311,95.5882,93.803,walkforward
2022-05-25,98.6587,96.8865,93.8244,walkforward
2022-05-26,101.1382,99.1024,93.8336,walkforward
2022-05-27,103.6822,101.7857,93.8599,walkforward
2022-05-31,102.8967,100.8118,93.779,walkforward
2022-06-01,101.786,99.7581,93.688,walkforward
2022-06-02,104.1877,102.238,93.7405,walkforward
2022-06-03,102.1806,100.2172,93.64,walkforward
2022-06-06,102.0099,99.9597,93.6159,walkforward
2022-06-07,102.8448,100.8063,93.6663,walkforward
2022-06-08,101.8703,99.703,93.5026,walkforward
2022-06-09,99.5642,97.2874,93.241,walkforward
2022-06-10,96.925,94.4205,92.7875,walkforward
2022-06-13,92.9627,90.4753,91.9158,walkforward
2022-06-14,93.2255,90.6096,92.1436,walkforward
2022-06-15,94.8168,92.2672,92.3299,walkforward
2022-06-16,91.8341,89.1614,91.579,walkforward
2022-06-17,92.4992,90.01,91.749,walkforward
2022-06-21,94.1676,91.8386,92.2522,walkforward
2022-06-22,93.9893,91.6454,92.1251,walkforward
2022-06-23,94.8561,92.943,92.315,walkforward
2022-06-24,97.6262,95.7897,93.0591,walkforward
2022-06-27,97.1483,95.0469,92.8951,walkforward
2022-06-28,95.189,92.8022,92.4835,walkforward
2022-06-29,94.9317,92.7263,92.5344,walkforward
2022-06-30,94.1664,91.994,92.4506,walkforward
2022-07-01,93.9616,91.9563,92.5716,walkforward
2022-07-05,94.4882,92.6418,92.7295,walkforward
2022-07-06,94.6295,93.1405,92.8279,walkforward
2022-07-07,96.535,95.0605,93.0738,walkforward
2022-07-08,96.5273,95.1561,93.0582,walkforward
2022-07-11,94.9182,93.6836,92.8121,walkforward
2022-07-12,94.4237,92.8266,92.6496,walkforward
2022-07-13,94.6927,92.7903,92.6225,walkforward
2022-07-14,94.9627,93.162,92.7636,walkforward
2022-07-15,96.5349,94.8454,93.1369,walkforward
2022-07-18,95.8472,93.9122,92.8881,walkforward
2022-07-19,98.5675,96.7416,93.601,walkforward
2022-07-20,99.9438,98.0331,93.8352,walkforward
2022-07-21,101.3411,99.3023,94.4,walkforward
2022-07-22,100.1741,97.9582,93.8942,walkforward
2022-07-25,99.6998,97.5731,93.5023,walkforward
2022-07-26,98.6181,96.5193,92.9321,walkforward
2022-07-27,101.6096,99.6167,94.0448,walkforward
2022-07-28,102.4835,100.7126,94.5501,walkforward
2022-07-29,103.2943,101.4456,94.9544,walkforward
2022-08-01,103.504,101.3464,94.8069,walkforward
2022-08-02,102.7007,100.7779,94.4379,walkforward
2022-08-03,104.9005,103.1178,95.7624,walkforward
2022-08-04,105.5508,103.6229,95.9157,walkforward
2022-08-05,104.6028,103.0391,95.5661,walkforward
2022-08-08,104.1774,102.6654,95.1643,walkforward
2022-08-09,102.3054,100.9687,93.8597,walkforward
2022-08-10,104.9457,103.5178,95.9093,walkforward
2022-08-11,104.4793,102.9846,95.6076,walkforward
2022-08-12,106.354,104.781,97.0464,walkforward
2022-08-15,106.9307,105.6726,97.7382,walkforward
2022-08-16,106.5991,105.3753,97.384,walkforward
2022-08-17,105.0394,103.8711,96.0769,walkforward
2022-08-18,105.5797,104.2824,96.468,walkforward
2022-08-19,103.7657,102.4961,94.7585,walkforward
2022-08-22,101.2741,99.9197,92.3732,walkforward
2022-08-23,101.2277,99.6746,92.0922,walkforward
2022-08-24,101.5866,100.0372,92.5152,walkforward
2022-08-25,103.7191,101.874,94.108,walkforward
2022-08-26,99.9796,98.222,90.7009,walkforward
2022-08-29,99.1008,97.283,89.8951,walkforward
2022-08-30,98.1266,96.4126,89.1515,walkforward
2022-08-31,97.7498,96.0211,88.8184,walkforward
2022-09-01,97.3421,95.8475,88.6264,walkforward
2022-09-02,96.2711,94.5959,87.5972,walkforward
2022-09-06,95.4398,94.0027,87.2428,walkforward
2022-09-07,97.2625,96.0101,88.8549,walkforward
2022-09-08,97.9734,97.2713,89.7316,walkforward
2022-09-09,99.584,98.915,90.7766,walkforward
2022-09-12,100.1324,99.4883,91.2327,walkforward
2022-09-13,95.4556,94.7392,88.5418,walkforward
2022-09-14,95.9927,95.3016,89.0933,walkforward
2022-09-15,95.0513,93.8828,88.5716,walkforward
2022-09-16,94.9835,93.6821,88.4465,walkforward
2022-09-19,95.6879,94.2224,88.7173,walkforward
2022-09-20,94.6541,93.1063,88.4151,walkforward
2022-09-21,93.5229,91.7594,88.1357,walkforward
2022-09-22,92.4229,90.7703,87.8955,walkforward
2022-09-23,91.1592,89.7144,87.7924,walkforward
2022-09-26,90.4954,89.02,87.6283,walkforward
2022-09-27,90.5289,89.2421,87.656,walkforward
2022-09-28,93.0681,91.8564,88.1161,walkforward
2022-09-29,91.1444,89.9793,87.9306,walkforward
2022-09-30,89.8959,88.6509,87.7554,walkforward
2022-10-03,92.2536,91.2151,88.0267,walkforward
2022-10-04,94.775,93.8047,88.2613,walkforward
2022-10-05,94.7641,93.8712,88.3262,walkforward
2022-10-06,94.1257,93.2011,88.23,walkforward
2022-10-07,91.087,90.1177,87.9439,walkforward
2022-10-10,89.6356,88.6547,88.0024,walkforward
2022-10-11,88.3505,87.4933,87.918,walkforward
2022-10-12,88.1418,87.1631,87.9181,walkforward
2022-10-13,90.0374,89.15,88.3099,walkforward
2022-10-14,87.7799,86.8066,88.0523,walkforward
2022-10-17,89.7849,88.8766,88.3,walkforward
2022-10-18,90.3245,89.5149,88.2507,walkforward
2022-10-19,90.1514,89.0593,88.1196,walkforward
2022-10-20,89.9662,88.9186,88.066,walkforward
2022-10-21,92.2162,91.1333,88.323,walkforward
2022-10-24,92.9672,92.1633,88.4781,walkforward
2022-10-25,94.5809,93.71,88.6165,walkforward
2022-10-26,94.3091,93.1606,88.7745,walkforward
2022-10-27,93.5444,92.1926,88.5444,walkforward
2022-10-28,95.808,94.9138,89.1304,walkforward
2022-10-31,94.7259,93.868,89.0257,walkforward
2022-11-01,94.849,93.8592,89.0485,walkforward
2022-11-02,92.3149,91.3289,88.4545,walkforward
2022-11-03,90.6871,90.0053,88.3909,walkforward
2022-11-04,92.7036,91.924,88.6753,walkforward
2022-11-07,93.9179,93.1848,88.9004,walkforward
2022-11-08,95.3025,94.3688,88.9876,walkforward
2022-11-09,93.7017,92.8304,88.6662,walkforward
2022-11-10,99.9078,98.8835,90.0436,walkforward
2022-11-11,101.452,100.3422,90.4548,walkforward
2022-11-14,100.8162,99.6284,90.1245,walkforward
2022-11-15,102.5236,101.0593,90.7101,walkforward
2022-11-16,100.8323,99.5254,89.947,walkforward
2022-11-17,100.6892,99.3662,89.8266,walkforward
2022-11-18,100.6618,99.4735,89.9055,walkforward
2022-11-21,99.9183,98.7935,89.7322,walkforward
2022-11-22,101.5381,100.3908,90.5745,walkforward
2022-11-23,102.3243,101.0007,90.8853,walkforward
2022-11-25,101.7998,100.485,90.5189,walkforward
2022-11-28,100.2472,99.0576,89.4811,walkforward
2022-11-29,99.8466,98.6263,89.2031,walkforward
2022-11-30,104.2249,102.8973,91.8621,walkforward
2022-12-01,104.6709,103.2497,92.1752,walkforward
2022-12-02,104.278,102.7577,91.8058,walkforward
2022-12-05,102.6746,101.1993,90.568,walkforward
2022-12-06,101.2332,99.7633,89.4759,walkforward
2022-12-07,101.4287,99.8425,89.5176,walkforward
2022-12-08,102.8953,101.2527,90.6525,walkforward
2022-12-09,102.0822,100.3168,89.9226,walkforward
2022-12-12,103.2069,101.5607,90.8495,walkforward
2022-12-13,104.4004,102.676,91.7575,walkforward
2022-12-14,103.7004,102.0655,91.2661,walkforward
2022-12-15,100.5047,98.9268,88.7882,walkforward
2022-12-16,99.9118,98.4175,88.3468,walkforward
2022-12-19,98.7964,97.2319,87.4537,walkforward
2022-12-20,98.6916,97.2862,87.5456,walkforward
2022-12-21,100.1414,98.6243,88.6355,walkforward
2022-12-22,98.0172,96.61,87.2197,walkforward
2022-12-23,97.9773,96.5941,87.1544,walkforward
2022-12-27,96.9596,95.7778,86.6417,walkforward
2022-12-28,95.8243,94.7348,85.9458,walkforward
2022-12-29,97.9644,96.7994,87.4094,walkforward
2022-12-30,97.8214,96.6295,87.246,walkforward
2023-01-03,97.5231,96.4618,87.3587,walkforward
2023-01-04,98.9604,97.6597,88.3203,walkforward
2023-01-05,97.7704,96.3955,87.6529,walkforward
2023-01-06,101.0347,99.3256,89.1651,walkforward
2023-01-09,101.3629,99.4229,89.3291,walkforward
2023-01-10,102.2479,100.278,89.8381,walkforward
2023-01-11,103.2259,101.3296,90.1107,walkforward
2023-01-12,103.9831,101.6627,90.2112,walkforward
2023-01-13,104.4956,102.2205,90.5105,walkforward
2023-01-17,104.3472,102.1627,90.3571,walkforward
2023-01-18,103.5621,101.1899,89.9045,walkforward
2023-01-19,102.2209,100.0089,89.7009,walkforward
2023-01-20,104.5182,102.2578,90.3283,walkforward
2023-01-23,106.7619,104.1973,90.9038,walkforward
2023-01-24,106.7542,103.9995,90.9004,walkforward
2023-01-25,106.9197,103.8859,90.9415,walkforward
2023-01-26,107.9863,105.2155,91.3778,walkforward
2023-01-27,107.9243,105.0007,91.2911,walkforward
2023-01-30,106.4164,103.501,90.362,walkforward
2023-01-31,107.9161,104.9591,91.093,walkforward
2023-02-01,110.5662,107.1081,92.8241,walkforward
2023-02-02,112.0156,108.7042,94.564,walkforward
2023-02-03,110.3423,106.9501,92.7069,walkforward
2023-02-06,109.549,106.2373,92.0986,walkforward
2023-02-07,111.3038,108.1618,93.7988,walkforward
2023-02-08,109.5912,105.9769,91.9922,walkforward
2023-02-09,109.1962,105.4395,91.4001,walkforward
2023-02-10,108.1718,104.86,90.7712,walkforward
2023-02-13,109.7297,106.3116,91.9927,walkforward
2023-02-14,110.3623,106.7934,92.5711,walkforward
2023-02-15,110.685,107.275,93.0119,walkforward
2023-02-16,108.7869,105.236,91.3381,walkforward
2023-02-17,108.366,104.8196,90.7139,walkforward
2023-02-21,106.2143,102.8166,89.0607,walkforward
2023-02-22,105.9634,102.6316,89.0059,walkforward
2023-02-23,107.3557,103.7124,89.7526,walkforward
2023-02-24,105.5809,101.9637,88.374,walkforward
2023-02-27,106.1052,102.3851,88.6974,walkforward
2023-02-28,106.0709,102.4236,88.8639,walkforward
2023-03-01,105.6307,102.0719,88.5384,walkforward
2023-03-02,106.3409,102.9998,89.3026,walkforward
2023-03-03,107.9192,104.5936,90.7051,walkforward
2023-03-06,107.578,104.5,90.7217,walkforward
2023-03-07,106.2905,103.1786,89.8032,walkforward
2023-03-08,107.3198,103.9593,90.3443,walkforward
2023-03-09,105.7484,102.4715,89.1019,walkforward
2023-03-10,104.7603,101.2894,88.1498,walkforward
2023-03-13,105.2322,101.9408,88.3708,walkforward
2023-03-14,107.0517,104.0508,89.8056,walkforward
2023-03-15,106.7868,103.8263,89.6352,walkforward
2023-03-16,108.9862,106.1309,90.7523,walkforward
2023-03-17,108.4933,105.6027,90.5618,walkforward
2023-03-20,109.5282,106.5484,90.8329,walkforward
2023-03-21,109.7622,106.8625,90.9432,walkforward
2023-03-22,108.5758,105.3897,90.5434,walkforward
2023-03-23,110.4413,107.2422,91.2607,walkforward
2023-03-24,110.3116,107.5653,91.3184,walkforward
2023-03-27,109.5902,106.8235,90.9763,walkforward
2023-03-28,109.2011,106.4801,90.8644,walkforward
2023-03-29,111.0309,108.2248,91.4105,walkforward
2023-03-30,112.1993,109.1242,91.8164,walkforward
2023-03-31,113.5804,110.6242,92.5862,walkforward
2023-04-03,113.5148,110.4902,92.6069,walkforward
2023-04-04,112.7628,109.942,92.4033,walkforward
2023-04-05,112.0088,109.3568,91.9093,walkforward
2023-04-06,111.9027,109.3185,92.1485,walkforward
2023-04-10,112.2766,109.5607,92.0846,walkforward
2023-04-11,112.014,109.2145,91.7546,walkforward
2023-04-12,110.943,108.3619,91.4094,walkforward
2023-04-13,112.2818,109.7989,92.3051,walkforward
2023-04-14,111.7161,109.371,92.0426,walkforward
2023-04-17,111.7299,109.3898,91.9216,walkforward
2023-04-18,112.0561,109.4507,91.9604,walkforward
2023-04-19,111.509,109.247,92.0032,walkforward
2023-04-20,111.4467,109.2161,91.9836,walkforward
2023-04-21,111.4489,109.3103,92.1151,walkforward
2023-04-24,111.6006,109.3729,92.2405,walkforward
2023-04-25,109.5347,107.1407,90.7647,walkforward
2023-04-26,109.4034,106.8662,90.6461,walkforward
2023-04-27,110.6924,108.6163,92.3537,walkforward
2023-04-28,111.7124,109.6401,93.1143,walkforward
2023-05-01,111.8306,109.7166,93.0335,walkforward
2023-05-02,111.2218,108.8252,92.2258,walkforward
2023-05-03,110.5471,108.2023,91.6063,walkforward
2023-05-04,110.0328,107.5682,91.0271,walkforward
2023-05-05,111.7309,109.3338,92.2306,walkforward
2023-05-08,111.5101,109.0072,92.1272,walkforward
2023-05-09,110.7052,108.1833,91.7705,walkforward
2023-05-10,111.5799,109.0459,92.2346,walkforward
2023-05-11,111.3751,108.8573,92.2442,walkforward
2023-05-12,111.237,108.8184,92.1248,walkforward
2023-05-15,112.3584,109.9383,92.4249,walkforward
2023-05-16,111.8713,109.5875,92.3144,walkforward
2023-05-17,113.1366,110.6488,92.7139,walkforward
2023-05-18,115.3435,112.695,93.5978,walkforward
2023-05-19,114.9717,112.5548,93.3712,walkforward
2023-05-22,114.7614,112.4057,93.2557,walkforward
2023-05-23,113.3933,110.8955,92.3385,walkforward
2023-05-24,112.4598,109.9772,91.927,walkforward
2023-05-25,115.997,112.7214,93.5679,walkforward
2023-05-26,119.2019,115.7216,95.0338,walkforward
2023-05-30,119.6474,116.0631,95.264,walkforward
2023-05-31,118.686,115.4328,94.8399,walkforward
2023-06-01,120.0489,116.4615,95.4703,walkforward
2023-06-02,120.5094,117.0861,95.6101,walkforward
2023-06-05,120.0804,116.8944,95.6013,walkforward
2023-06-06,119.9616,116.7487,95.3903,walkforward
2023-06-07,118.8454,115.4676,94.4324,walkforward
2023-06-08,120.3595,116.7946,95.1574,walkforward
2023-06-09,120.4578,116.7711,95.2619,walkforward
2023-06-12,122.5416,118.8137,96.4463,walkforward
2023-06-13,124.0135,120.0974,97.0335,walkforward
2023-06-14,125.1071,120.9638,97.597,walkforward
2023-06-15,125.9993,121.9843,98.1226,walkforward
2023-06-16,125.386,121.3732,97.626,walkforward
2023-06-20,125.0622,120.749,97.4087,walkforward
2023-06-21,123.7671,119.3877,96.3987,walkforward
2023-06-22,124.2074,120.0972,96.9249,walkforward
2023-06-23,123.0361,118.8475,96.3175,walkforward
2023-06-26,122.2447,118.2442,95.7581,walkforward
2023-06-27,124.2341,120.0253,97.3292,walkforward
2023-06-28,123.8607,119.6385,97.1357,walkforward
2023-06-29,123.8683,119.6957,97.0902,walkforward
2023-06-30,125.6851,121.2002,98.0797,walkforward
2023-07-03,125.927,121.3138,98.1179,walkforward
2023-07-05,125.2068,120.6435,97.8422,walkforward
2023-07-06,123.999,119.4667,97.202,walkforward
2023-07-07,123.6796,118.8874,97.0635,walkforward
2023-07-10,125.0757,120.4968,98.126,walkforward
2023-07-11,125.3294,120.7049,98.2599,walkforward
2023-07-12,126.8576,122.1089,99.3706,walkforward
2023-07-13,128.8684,123.8814,100.696,walkforward
2023-07-14,128.3075,123.6928,100.5537,walkforward
2023-07-17,129.8151,125.0935,101.6416,walkforward
2023-07-18,130.8858,125.629,102.0573,walkforward
2023-07-19,130.633,125.3196,101.9041,walkforward
2023-07-20,127.8045,123.1655,100.189,walkforward
2023-07-21,127.9141,123.6417,100.2531,walkforward
2023-07-24,128.0756,123.5398,100.261,walkforward
2023-07-25,129.1353,124.5575,100.9868,walkforward
2023-07-26,128.3522,123.8446,100.4776,walkforward
2023-07-27,128.8468,124.2936,100.785,walkforward
2023-07-28,130.7738,126.2268,102.2448,walkforward
2023-07-31,131.1258,126.3222,102.3374,walkforward
2023-08-01,130.7311,125.9859,102.0699,walkforward
2023-08-02,127.8692,123.3405,100.0411,walkforward
2023-08-03,128.0744,123.1054,99.4147,walkforward
2023-08-04,127.7135,122.5838,98.9883,walkforward
2023-08-07,129.2971,124.1482,99.9612,walkforward
2023-08-08,128.319,123.1495,99.1308,walkforward
2023-08-09,126.7919,121.9265,98.1421,walkforward
2023-08-10,126.8689,122.1437,98.3137,walkforward
2023-08-11,125.2754,120.9864,97.4728,walkforward
2023-08-14,127.1887,122.4798,98.5689,walkforward
2023-08-15,126.0369,121.4119,97.6622,walkforward
2023-08-16,124.6782,120.0095,96.6592,walkforward
2023-08-17,123.6776,118.9991,95.9174,walkforward
2023-08-18,123.8479,119.1509,95.93,walkforward
2023-08-21,126.1581,121.18,97.1274,walkforward
2023-08-22,125.6524,120.785,96.8339,walkforward
2023-08-23,127.7794,122.6469,97.6291,walkforward
2023-08-24,125.5341,120.4474,96.6691,walkforward
2023-08-25,126.324,121.4881,96.9493,walkforward
2023-08-28,127.307,122.3356,97.2665,walkforward
2023-08-29,129.8845,124.7027,98.2078,walkforward
2023-08-30,130.3535,125.189,98.2868,walkforward
2023-08-31,130.8372,125.4581,98.4587,walkforward
2023-09-01,130.6437,125.4979,98.4668,walkforward
2023-09-05,130.2783,125.1408,98.3567,walkforward
2023-09-06,129.3581,124.3998,98.1183,walkforward
2023-09-07,128.3003,123.2554,98.0058,walkforward
2023-09-08,128.0594,123.1735,97.9243,walkforward
2023-09-11,128.6159,123.8833,97.9942,walkforward
2023-09-12,127.0514,122.5684,97.5325,walkforward
2023-09-13,127.318,123.0004,97.8003,walkforward
2023-09-14,127.9011,123.7456,97.9619,walkforward
2023-09-15,125.2933,121.2136,97.0015,walkforward
2023-09-18,125.7756,121.6816,97.2005,walkforward
2023-09-19,125.5525,121.4823,97.054,walkforward
2023-09-20,124.2234,120.1211,96.5403,walkforward
2023-09-21,122.0423,118.0392,95.6829,walkforward
2023-09-22,122.6428,118.5426,95.8484,walkforward
2023-09-25,122.882,118.9197,96.0019,walkforward
2023-09-26,121.4242,117.5468,95.601,walkforward
2023-09-27,121.6006,117.7644,95.8571,walkforward
2023-09-28,122.636,118.7553,96.0713,walkforward
2023-09-29,122.545,118.6419,95.9911,walkforward
2023-10-02,123.2461,119.1289,96.3911,walkforward
2023-10-03,120.9936,117.0431,95.7074,walkforward
2023-10-04,122.5296,118.6487,96.2268,walkforward
2023-10-05,122.3348,118.5111,96.2085,walkforward
2023-10-06,124.2128,120.3582,96.8249,walkforward
2023-10-09,124.4338,120.6749,96.9553,walkforward
2023-10-10,125.2136,121.6028,97.2099,walkforward
2023-10-11,126.076,122.5432,97.5541,walkforward
2023-10-12,125.5642,122.2595,97.4959,walkforward
2023-10-13,124.1127,120.9963,97.1451,walkforward
2023-10-16,125.5195,122.2867,97.4957,walkforward
2023-10-17,124.8287,121.8204,97.4819,walkforward
2023-10-18,123.1379,120.3348,97.0852,walkforward
2023-10-19,122.4346,119.0948,96.7481,walkforward
2023-10-20,121.0274,117.6582,96.2146,walkforward
2023-10-23,121.3348,117.7648,96.2719,walkforward
2023-10-24,122.3545,118.8105,96.4838,walkforward
2023-10-25,119.3262,115.8145,95.3506,walkforward
2023-10-26,117.9332,114.6659,94.751,walkforward
2023-10-27,117.7694,114.5241,94.9073,walkforward
2023-10-30,118.7123,115.3489,95.3401,walkforward
2023-10-31,119.2594,116.0929,95.4684,walkforward
2023-11-01,121.0398,117.7329,96.0955,walkforward
2023-11-02,123.2812,120.0369,96.362,walkforward
2023-11-03,125.3253,121.8336,96.7331,walkforward
2023-11-06,125.6782,122.2745,96.8754,walkforward
2023-11-07,126.3994,122.9437,97.1679,walkforward
2023-11-08,126.5181,123.119,97.2839,walkforward
2023-11-09,125.5696,121.9811,97.033,walkforward
2023-11-10,128.4901,124.8331,98.1537,walkforward
2023-11-13,128.0818,124.4939,98.0863,walkforward
2023-11-14,131.0571,127.2071,98.9348,walkforward
2023-11-15,131.3053,127.164,98.7588,walkforward
2023-11-16,131.4096,127.149,98.8882,walkforward
2023-11-17,131.6236,127.263,98.8982,walkforward
2023-11-20,133.2944,128.7825,99.6009,walkforward
2023-11-21,132.5347,128.0163,99.1933,walkforward
2023-11-22,132.6543,128.2423,99.3465,walkforward
2023-11-24,132.6876,128.2833,99.2504,walkforward
2023-11-27,132.3777,128.0494,99.1251,walkforward
2023-11-28,132.264,127.8531,99.0359,walkforward
2023-11-29,132.6656,128.4312,99.1504,walkforward
2023-11-30,132.2938,128.2546,98.8089,walkforward
2023-12-01,132.9845,128.7904,99.1983,walkforward
2023-12-04,131.7017,127.689,98.5115,walkforward
2023-12-05,131.5373,127.6376,98.5059,walkforward
2023-12-06,130.7733,127.0639,98.1326,walkforward
2023-12-07,132.5929,128.6886,99.1883,walkforward
2023-12-08,132.977,128.9665,99.5959,walkforward
2023-12-11,135.0362,131.2198,100.8064,walkforward
2023-12-12,136.3297,132.4752,101.799,walkforward
2023-12-13,138.3084,134.671,103.0176,walkforward
2023-12-14,138.4956,134.7128,102.8685,walkforward
2023-12-15,138.8832,135.1086,103.1955,walkforward
2023-12-18,139.9161,135.6893,103.8351,walkforward
2023-12-19,140.6791,136.2974,104.3952,walkforward
2023-12-20,138.0599,134.0352,102.8687,walkforward
2023-12-21,140.0309,135.8582,104.1534,walkforward
2023-12-22,140.2856,135.9942,104.1359,walkforward
2023-12-26,141.2608,136.8785,104.6762,walkforward
2023-12-27,141.5534,137.1877,104.9716,walkforward
2023-12-28,141.4636,137.1578,104.9619,walkforward
2023-12-29,140.9738,136.6465,104.5028,walkforward
2024-01-02,138.3037,134.4068,102.7728,walkforward
2024-01-03,136.7013,133.0937,101.6983,walkforward
2024-01-04,136.3002,132.5845,101.3918,walkforward
2024-01-05,136.416,132.5684,101.4721,walkforward
2024-01-08,139.6105,135.2585,103.3467,walkforward
2024-01-09,139.9984,135.6341,103.7104,walkforward
2024-01-10,141.0918,136.4222,104.4552,walkforward
2024-01-11,141.9403,137.0086,104.8679,walkforward
2024-01-12,142.3074,137.3344,105.0479,walkforward
2024-01-16,142.2021,137.3752,104.6289,walkforward
2024-01-17,141.2598,136.5015,104.081,walkforward
2024-01-18,143.5722,138.5765,105.5957,walkforward
2024-01-19,146.8022,141.6476,107.5095,walkforward
2024-01-22,147.0619,141.9522,107.5801,walkforward
2024-01-23,147.5371,142.4387,107.8837,walkforward
2024-01-24,148.9276,143.0889,108.3597,walkforward
2024-01-25,149.7036,143.5051,108.583,walkforward
2024-01-26,148.3295,141.9359,107.9832,walkforward
2024-01-29,150.0863,143.4669,109.0661,walkforward
2024-01-30,149.4082,142.8984,108.6321,walkforward
2024-01-31,147.4133,140.8237,107.2409,walkforward
2024-02-01,149.4111,142.4114,108.175,walkforward
2024-02-02,151.3686,143.8898,110.2722,walkforward
2024-02-05,152.4484,144.6786,110.6354,walkforward
2024-02-06,151.5777,143.9383,110.1972,walkforward
2024-02-07,152.7028,145.0441,111.2673,walkforward
2024-02-08,153.2773,145.82,111.5111,walkforward
2024-02-09,155.3307,147.8535,112.5475,walkforward
2024-02-12,154.6583,147.1975,112.0649,walkforward
2024-02-13,152.3533,144.8438,110.6667,walkforward
2024-02-14,154.547,146.8207,112.17,walkforward
2024-02-15,154.6917,147.0055,112.4141,walkforward
2024-02-16,153.4622,146.0103,111.533,walkforward
2024-02-20,151.8098,144.687,110.6224,walkforward
2024-02-21,151.3564,144.4113,110.3286,walkforward
2024-02-22,157.5067,149.4225,113.6911,walkforward
2024-02-23,157.4722,149.3871,113.6756,walkforward
2024-02-26,157.9373,149.7293,113.8327,walkforward
2024-02-27,157.6953,149.4567,113.8212,walkforward
2024-02-28,156.6476,148.4184,113.2417,walkforward
2024-02-29,158.151,149.608,113.9592,walkforward
2024-03-01,161.9501,152.8982,115.9608,walkforward
2024-03-04,162.4866,153.0216,116.0382,walkforward
2024-03-05,160.1009,150.4503,114.3041,walkforward
2024-03-06,161.852,151.9896,115.3245,walkforward
2024-03-07,165.1135,154.5429,117.0,walkforward
2024-03-08,161.3652,151.4602,114.9032,walkforward
2024-03-11,160.4245,150.7779,113.8439,walkforward
2024-03-12,163.8236,153.3022,115.6042,walkforward
2024-03-13,162.3345,151.9566,114.6671,walkforward
2024-03-14,160.9132,151.0146,114.199,walkforward
2024-03-15,158.842,149.275,113.2614,walkforward
2024-03-18,159.9978,150.3025,113.8321,walkforward
2024-03-19,160.6576,150.893,114.2035,walkforward
2024-03-20,162.5062,152.5439,115.291,walkforward
2024-03-21,163.7594,153.9656,116.3455,walkforward
2024-03-22,164.2187,154.1156,116.4505,walkforward
2024-03-25,163.8317,153.4458,115.9225,walkforward
2024-03-26,162.7559,152.6067,115.4072,walkforward
2024-03-27,162.7527,152.9246,115.3517,walkforward
2024-03-28,162.7554,152.9468,115.2556,walkforward
2024-04-01,162.8261,153.2308,115.4015,walkforward
2024-04-02,161.0208,151.3866,114.7321,walkforward
2024-04-03,161.349,151.5453,115.2479,walkforward
2024-04-04,158.5288,149.0975,114.0392,walkforward
2024-04-05,160.6014,150.7722,115.3493,walkforward
2024-04-08,160.4426,150.7969,115.289,walkforward
2024-04-09,160.794,151.3309,115.3885,walkforward
2024-04-10,159.4959,149.724,114.8578,walkforward
2024-04-11,162.2249,151.8573,116.1407,walkforward
2024-04-12,158.9944,149.116,114.6669,walkforward
2024-04-15,156.7436,147.1197,113.4738,walkforward
2024-04-16,157.4895,147.5154,113.7955,walkforward
2024-04-17,154.6461,145.1307,112.4597,walkforward
2024-04-18,153.6674,143.9872,111.9934,walkforward
2024-04-19,149.0678,140.9462,109.8023,walkforward
2024-04-22,150.9178,142.4777,110.4943,walkforward
2024-04-23,153.6453,144.6966,111.6255,walkforward
2024-04-24,153.212,144.8564,111.4869,walkforward
2024-04-25,153.756,144.75,110.8668,walkforward
2024-04-26,156.7595,147.4952,112.2064,walkforward
2024-04-29,156.9796,147.8285,111.9889,walkforward
2024-04-30,154.5301,145.4145,111.3929,walkforward
2024-05-01,152.4094,143.7011,111.0875,walkforward
2024-05-02,154.6872,145.7416,111.5673,walkforward
2024-05-03,158.0364,148.6815,111.5787,walkforward
2024-05-06,160.3974,150.5771,111.7428,walkforward
2024-05-07,160.125,150.5786,111.774,walkforward
2024-05-08,160.0437,150.5295,111.7058,walkforward
2024-05-09,159.9723,150.677,111.8653,walkforward
2024-05-10,160.8715,151.534,111.8211,walkforward
2024-05-13,160.9118,151.5792,111.8841,walkforward
2024-05-14,162.1304,152.858,112.1164,walkforward
2024-05-15,165.5776,156.1893,112.5204,walkforward
2024-05-16,164.9438,155.4806,112.5092,walkforward
2024-05-17,164.1811,155.0803,112.5994,walkforward
2024-05-20,166.1506,156.6995,112.9082,walkforward
2024-05-21,166.3867,156.6765,112.9752,walkforward
2024-05-22,166.3778,156.8806,112.8153,walkforward
2024-05-23,167.7136,157.2539,113.0407,walkforward
2024-05-24,169.0555,158.1004,113.5683,walkforward
2024-05-28,170.9573,158.9501,114.2107,walkforward
2024-05-29,169.7751,157.5649,113.703,walkforward
2024-05-30,167.4996,155.8116,112.8559,walkforward
2024-05-31,167.2759,155.8811,112.7488,walkforward
2024-06-03,168.8289,156.9954,113.2687,walkforward
2024-06-04,169.2899,157.4921,113.5104,walkforward
2024-06-05,173.8877,161.3997,115.5709,walkforward
2024-06-06,173.4509,160.91,115.2707,walkforward
2024-06-07,172.9798,160.4339,114.9316,walkforward
2024-06-10,174.4025,161.7455,115.6374,walkforward
2024-06-11,174.6643,162.133,116.0654,walkforward
2024-06-12,177.482,164.6719,117.628,walkforward
2024-06-13,178.977,165.8536,118.5722,walkforward
2024-06-14,180.8074,166.9549,119.1086,walkforward
2024-06-17,182.6565,168.9521,120.3232,walkforward
2024-06-18,184.5685,170.0767,120.8334,walkforward
2024-06-20,181.9475,167.9782,119.2122,walkforward
2024-06-21,180.5607,166.9857,118.299,walkforward
2024-06-24,176.7486,164.1965,116.6839,walkforward
2024-06-25,180.1407,166.562,118.0404,walkforward
2024-06-26,180.2205,166.4888,118.0922,walkforward
2024-06-27,179.9988,166.4375,118.0589,walkforward
2024-06-28,179.9358,166.4038,117.7365,walkforward
2024-07-01,180.3896,166.8863,118.1492,walkforward
2024-07-02,181.2157,167.817,118.786,walkforward
2024-07-03,183.5752,169.3913,119.6534,walkforward
2024-07-05,184.1831,170.3523,120.6481,walkforward
2024-07-08,185.1713,171.2561,120.953,walkforward
2024-07-09,185.8603,171.696,121.0719,walkforward
2024-07-10,188.4323,173.8845,122.1044,walkforward
2024-07-11,183.8204,170.222,119.5979,walkforward
2024-07-12,185.0868,171.2584,120.0113,walkforward
2024-07-15,185.0405,171.2012,120.1796,walkforward
2024-07-16,185.4691,171.6581,120.1939,walkforward
2024-07-17,178.5262,165.3273,116.2537,walkforward
2024-07-18,178.6008,164.9527,116.0577,walkforward
2024-07-19,176.3516,163.1306,115.1249,walkforward
2024-07-22,180.8758,167.0214,117.0999,walkforward
2024-07-23,179.1514,165.6948,116.6062,walkforward
2024-07-24,173.1775,160.3846,113.4191,walkforward
2024-07-25,171.3287,158.8785,112.4942,walkforward
2024-07-26,173.2634,160.6303,113.5062,walkforward
2024-07-29,172.7933,160.502,113.405,walkforward
2024-07-30,169.075,157.5839,112.0154,walkforward
2024-07-31,176.8941,163.9117,115.1571,walkforward
2024-08-01,171.0946,159.0297,113.4522,walkforward
2024-08-02,166.6559,154.6571,112.2296,walkforward
2024-08-05,161.6913,150.4705,110.6255,walkforward
2024-08-06,164.313,152.523,110.848,walkforward
2024-08-07,161.3021,149.9828,110.4987,walkforward
2024-08-08,167.7374,155.5058,111.051,walkforward
2024-08-09,168.1941,156.0731,111.2833,walkforward
2024-08-12,169.3118,156.5912,111.1559,walkforward
2024-08-13,174.4436,161.1628,111.7227,walkforward
2024-08-14,175.2117,161.4083,111.8398,walkforward
2024-08-15,180.1357,165.7337,112.4577,walkforward
2024-08-16,180.6501,165.8734,112.6328,walkforward
2024-08-19,183.6307,168.1878,112.9472,walkforward
2024-08-20,182.4344,167.3102,113.0762,walkforward
2024-08-21,183.7909,168.4461,113.1438,walkforward
2024-08-22,180.1706,165.3182,112.9967,walkforward
2024-08-23,183.2218,167.5269,112.9198,walkforward
2024-08-26,181.1838,165.787,112.8373,walkforward
2024-08-27,182.5095,166.7283,112.9243,walkforward
2024-08-28,180.226,164.9038,112.5745,walkforward
2024-08-29,178.5519,164.0387,112.7695,walkforward
2024-08-30,180.7794,166.0587,112.8552,walkforward
2024-09-03,172.9957,159.3785,111.9482,walkforward
2024-09-04,172.6167,159.2395,112.0666,walkforward
2024-09-05,172.1974,158.461,111.8484,walkforward
2024-09-06,167.7125,154.6201,111.0811,walkforward
2024-09-09,170.4025,156.7862,111.9729,walkforward
2024-09-10,171.6495,157.9789,112.3987,walkforward
2024-09-11,176.5917,162.0202,113.603,walkforward
2024-09-12,178.0527,163.2403,114.6252,walkforward
2024-09-13,178.866,164.3433,114.7816,walkforward
2024-09-16,177.8249,163.7663,114.5228,walkforward
2024-09-17,177.278,163.4335,114.2197,walkforward
2024-09-18,175.7136,162.1895,113.8525,walkforward
2024-09-19,180.2724,166.1961,115.5843,walkforward
2024-09-20,179.0975,165.1543,115.6169,walkforward
2024-09-23,179.693,165.3398,115.7394,walkforward
2024-09-24,181.4321,166.236,115.6273,walkforward
2024-09-25,181.6988,166.2513,115.3798,walkforward
2024-09-26,183.9352,168.4686,115.9268,walkforward
2024-09-27,182.1455,167.0221,115.4402,walkforward
2024-09-30,182.0825,166.9021,115.6648,walkforward
2024-10-01,178.6462,164.1331,114.9188,walkforward
2024-10-02,180.1099,165.142,115.0017,walkforward
2024-10-03,180.5174,165.0362,115.1209,walkforward
2024-10-04,182.5585,166.6749,116.0244,walkforward
2024-10-07,181.385,165.2729,115.2415,walkforward
2024-10-08,184.6378,167.9121,116.613,walkforward
2024-10-09,186.2762,169.6943,117.4057,walkforward
2024-10-10,186.5032,169.6733,117.2541,walkforward
2024-10-11,186.9568,170.2468,117.5059,walkforward
2024-10-14,189.0315,172.0936,118.4354,walkforward
2024-10-15,183.9034,167.562,116.4445,walkforward
2024-10-16,184.3401,167.3521,116.2374,walkforward
2024-10-17,184.5165,167.5074,116.2688,walkforward
2024-10-18,186.8837,168.6184,117.1346,walkforward
2024-10-21,187.8576,168.7301,117.3353,walkforward
2024-10-22,187.8213,168.8767,117.5499,walkforward
2024-10-23,185.2143,166.7159,116.1198,walkforward
2024-10-24,185.9159,167.134,116.2597,walkforward
2024-10-25,186.9026,168.1225,116.6744,walkforward
2024-10-28,186.5196,167.9242,116.7899,walkforward
2024-10-29,188.6606,169.8219,117.3757,walkforward
2024-10-30,187.0413,168.6666,116.7415,walkforward
2024-10-31,182.2036,164.2418,114.8784,walkforward
2024-11-01,183.848,165.447,115.3076,walkforward
2024-11-04,183.9595,165.4428,115.3663,walkforward
2024-11-05,186.4107,167.564,116.4397,walkforward
2024-11-06,189.908,170.6342,117.8992,walkforward
2024-11-07,193.5757,174.0087,119.5085,walkforward
2024-11-08,192.9062,173.7197,119.2995,walkforward
2024-11-11,191.3755,172.4166,118.864,walkforward
2024-11-12,191.5576,171.9046,118.7067,walkforward
2024-11-13,190.7417,171.1858,118.5094,walkforward
2024-11-14,190.2024,170.3873,118.0848,walkforward
2024-11-15,184.4691,165.1709,115.7866,walkforward
2024-11-18,185.1737,165.9484,116.1636,walkforward
2024-11-19,187.6736,167.0412,116.9247,walkforward
2024-11-20,187.7408,167.0194,117.0663,walkforward
2024-11-21,189.6888,168.6683,117.6374,walkforward
2024-11-22,188.8768,168.1623,117.3294,walkforward
2024-11-25,187.4833,167.9302,116.8292,walkforward
2024-11-26,187.7067,168.0283,117.023,walkforward
2024-11-27,186.0801,166.6112,116.4801,walkforward
2024-11-29,188.2254,168.2959,117.0169,walkforward
2024-12-02,190.1039,170.1018,117.2679,walkforward
2024-12-03,190.5141,170.2805,117.3371,walkforward
2024-12-04,192.8693,172.2113,118.533,walkforward
2024-12-05,191.3136,170.064,117.7576,walkforward
2024-12-06,192.1515,170.9357,118.0444,walkforward
2024-12-09,191.1981,170.6253,117.4682,walkforward
2024-12-10,189.0282,168.8791,117.1648,walkforward
2024-12-11,192.3498,171.5411,118.2965,walkforward
2024-12-12,190.0841,170.0778,117.773,walkforward
2024-12-13,190.8238,171.2454,117.0668,walkforward
2024-12-16,192.1282,172.9903,117.2561,walkforward
2024-12-17,190.7826,171.8899,116.912,walkforward
2024-12-18,185.2234,166.5211,114.5389,walkforward
2024-12-19,184.9054,165.4257,114.2679,walkforward
2024-12-20,187.1021,167.1088,114.5763,walkforward
2024-12-23,190.1625,169.7046,115.1421,walkforward
2024-12-24,192.0739,171.4231,115.9859,walkforward
2024-12-26,192.3402,171.6923,116.0643,walkforward
2024-12-27,190.1134,169.8875,115.3234,walkforward
2024-12-30,188.1478,167.9048,114.4656,walkforward
2024-12-31,186.6404,167.9048,114.4656,walkforward
2026-01-02,186.6404,,,paper_trading
2026-01-05,187.1141,,,paper_trading
2026-01-06,191.3229,,,paper_trading
2026-01-07,192.7263,,,paper_trading
2026-01-08,191.804,,,paper_trading
2026-01-09,192.1542,,,paper_trading
2026-01-12,191.975,,,paper_trading
2026-01-13,191.1446,,,paper_trading
2026-01-14,190.3026,,,paper_trading
2026-01-15,189.8414,,,paper_trading
2026-01-16,189.0516,,,paper_trading
2026-01-20,187.3931,,,paper_trading
2026-01-21,191.0028,,,paper_trading
2026-01-22,191.8513,,,paper_trading
2026-01-23,191.2998,,,paper_trading
2026-01-26,192.7198,,,paper_trading
2026-01-27,193.1636,,,paper_trading
2026-01-28,193.0123,,,paper_trading
2026-01-29,191.8613,,,paper_trading
2026-01-30,190.7024,,,paper_trading
2026-02-02,191.062,,,paper_trading
2026-02-03,187.7398,,,paper_trading
2026-02-04,188.9891,,,paper_trading
2026-02-05,188.5078,,,paper_trading
2026-02-06,191.6428,,,paper_trading
2026-02-09,190.691,,,paper_trading
2026-02-10,189.3477,,,paper_trading
2026-02-11,190.7619,,,paper_trading
2026-02-12,187.2523,,,paper_trading
2026-02-13,189.4332,,,paper_trading
2026-02-17,189.0184,,,paper_trading
2026-02-18,189.8426,,,paper_trading
2026-02-19,188.3294,,,paper_trading
2026-02-20,189.4195,,,paper_trading
2026-02-23,188.696,,,paper_trading
2026-02-24,189.7969,,,paper_trading
2026-02-25,190.8693,,,paper_trading
2026-02-26,189.7778,,,paper_trading
2026-02-27,191.0047,,,paper_trading
2026-03-02,189.4124,,,paper_trading
2026-03-03,186.4746,,,paper_trading
2026-03-04,188.0565,,,paper_trading
2026-03-05,185.4449,,,paper_trading
2026-03-06,183.025,,,paper_trading
2026-03-09,185.1112,,,paper_trading
2026-03-10,185.2446,,,paper_trading
2026-03-11,185.3008,,,paper_trading
2026-03-12,180.989,,,paper_trading
2026-03-13,180.3738,,,paper_trading
2026-03-16,181.8298,,,paper_trading
2026-03-17,182.2912,,,paper_trading
2026-03-18,179.6901,,,paper_trading
2026-03-19,180.3789,,,paper_trading
2026-03-20,178.3242,,,paper_trading
2026-03-23,179.2582,,,paper_trading
2026-03-24,178.9969,,,paper_trading
2026-03-25,180.0848,,,paper_trading
2026-03-26,178.1228,,,paper_trading
2026-03-27,174.3502,,,paper_trading
2026-03-30,174.4954,,,paper_trading
2026-03-31,178.0352,,,paper_trading
2026-04-01,179.6348,,,paper_trading
2026-04-02,178.922,,,paper_trading
2026-04-06,179.7875,,,paper_trading
2026-04-07,179.422,,,paper_trading
2026-04-08,183.9864,,,paper_trading
2026-04-09,183.6208,,,paper_trading
2026-04-10,181.5102,,,paper_trading
2026-04-13,183.5974,,,paper_trading
2026-04-14,185.2419,,,paper_trading
2026-04-15,185.6812,,,paper_trading
2026-04-16,185.5383,,,paper_trading
2026-04-17,188.0104,,,paper_trading
2026-04-20,187.7663,,,paper_trading
2026-04-21,186.4333,,,paper_trading
2026-04-22,188.4377,,,paper_trading
2026-04-23,188.763,,,paper_trading
2026-04-24,190.2124,,,paper_trading
2026-04-27,188.7467,,,paper_trading
2026-04-28,187.5117,,,paper_trading
2026-04-29,188.4051,,,paper_trading
2026-04-30,191.1845,,,paper_trading
2026-05-01,191.9334,,,paper_trading
2026-05-04,191.568,,,paper_trading
2026-05-05,193.7582,,,paper_trading
2026-05-06,197.0707,,,paper_trading
2026-05-07,195.5268,,,paper_trading
2026-05-08,198.5228,,,paper_trading
2026-05-11,198.3183,,,paper_trading
2026-05-12,198.2698,,,paper_trading
2026-05-13,199.5985,,,paper_trading
2026-05-14,199.473,,,paper_trading
2026-05-15,197.5252,,,paper_trading
2026-05-18,197.4992,,,paper_trading
2026-05-19,196.8349,,,paper_trading
2026-05-20,198.9111,,,paper_trading
2026-05-21,198.37,,,paper_trading
2026-05-22,199.8164,,,paper_trading
2026-05-26,200.9112,,,paper_trading
2026-05-27,200.5972,,,paper_trading
2026-05-28,201.7657,,,paper_trading
2026-05-29,201.3993,,,paper_trading
2026-06-01,199.5748,,,paper_trading
2026-06-02,199.9644,,,paper_trading
2026-06-03,201.6386,,,paper_trading
2026-06-04,202.5138,,,paper_trading
2026-06-05,197.3795,,,paper_trading
2026-06-08,197.8013,,,paper_trading
2026-06-09,198.0778,,,paper_trading
2026-06-10,195.3283,,,paper_trading
2026-06-11,200.2757,,,paper_trading
2026-06-12,201.1466,,,paper_trading
2026-06-15,203.5746,,,paper_trading
2026-06-16,201.1679,,,paper_trading
2026-06-17,198.9036,,,paper_trading
2026-06-18,198.9036,,,paper_trading
2026-06-22,198.9036,,,paper_trading
2026-06-23,197.1028,,,paper_trading
2026-06-24,199.1079,,,paper_trading
2026-06-25,198.0883,,,paper_trading
2026-06-26,198.7567,,,paper_trading
2026-06-29,200.2796,,,paper_trading
2026-06-30,199.7381,,,paper_trading
2026-07-01,202.2033,,,paper_trading
2026-07-02,207.4152,,,paper_trading
2026-07-06,208.7349,,,paper_trading
2026-07-07,209.4269,,,paper_trading
2026-07-08,207.1701,,,paper_trading
2026-07-09,208.1674,,,paper_trading
2026-07-10,207.6865,,,paper_trading
2026-07-13,205.5397,,,paper_trading
2026-07-14,204.7075,,,paper_trading
2026-07-15,205.7917,,,paper_trading
2026-07-16,208.6163,,,paper_trading
2026-07-17,203.0262,,,paper_trading
2026-07-20,202.903,,,paper_trading
2026-07-21,203.4076,,,paper_trading
2026-07-22,201.2521,,,paper_trading
2026-07-23,199.8987,,,paper_trading
2026-07-24,199.7159,,,paper_trading
2026-07-27,203.1456,,,paper_trading
2026-07-28,,,,paper_trading
2026-07-29,208.5162,,,paper_trading
2026-07-30,210.5584,,,paper_trading
2026-07-31,211.4468,,,paper_trading
2026-08-03,,,,paper_trading
2026-08-04,215.6329,,,paper_trading
2026-08-05,212.5851,,,paper_trading
2026-08-06,217.5863,,,paper_trading
2026-08-07,217.822,,,paper_trading
